{
    "materials":[],
    "geometries":[{
        "uuid":"FE46F7EB-A263-3807-8987-EB40ABE18EAA",
        "materials":[{
            "depthTest":true,
            "colorSpecular":[0.5,0.5,0.5],
            "blending":"NormalBlending",
            "DbgName":"Material",
            "colorEmissive":[0,0,0],
            "depthWrite":true,
            "wireframe":false,
            "DbgIndex":0,
            "colorDiffuse":[0.64,0.64,0.64],
            "transparent":false,
            "specularCoef":50,
            "opacity":1,
            "DbgColor":15658734,
            "shading":"phong",
            "visible":true
        }],
        "type":"Geometry",
        "data":{
            "name":"CubeGeometry",
            "metadata":{
                "materials":1,
                "version":3,
                "normals":19,
                "uvs":0,
                "vertices":22,
                "faces":19,
                "generator":"io_three"
            },
            "normals":[-1,0,-0,-0,-0.858436,0.512921,1,-0,0,-0,-0,1,-1,-0,-0,0,0,-1,-0.298554,0.954393,-0,0.512921,-0.858436,0,-0.512921,-0.858436,-0,0,-0.858436,-0.512921,0,1,0,0,0.853634,-0.520874,-0,0.853634,0.520874,0.298554,0.954393,0,0,-1,-0,-0,0,1,0,0,-1,1,-0,-0,-0,1,-0],
            "uvs":[],
            "vertices":[2.80906,2.23801,0.545081,2.80906,0.238011,0.545081,0.809063,0.238011,0.545081,0.809064,2.23801,0.545081,2.80906,2.23801,2.54508,2.80906,0.23801,2.54508,0.809063,0.238011,2.54508,0.809064,2.23801,2.54508,2.97923,2.40817,2.64675,2.97922,0.067849,2.64675,0.638903,0.06785,2.64675,0.638903,2.40817,2.64675,1.96166,1.8865,2.96507,1.96166,0.589517,2.96507,1.65646,0.589518,2.96507,1.65646,1.8865,2.96507,2.80906,2.23801,-0.036594,2.80906,0.238011,-0.036594,0.809063,0.238011,-0.036594,0.809064,2.23801,-0.036594,0.181885,0.238011,-0.036594,0.181885,2.23801,-0.036594],
            "faces":[35,2,3,19,18,0,0,0,0,0,35,6,5,9,10,0,1,1,1,1,35,0,4,5,1,0,2,2,2,2,35,1,5,6,2,0,3,3,3,3,35,2,6,7,3,0,4,4,4,4,35,4,0,3,7,0,5,5,5,5,35,11,10,14,15,0,6,6,6,6,35,5,4,8,9,0,7,7,7,7,35,7,6,10,11,0,8,8,8,8,35,4,7,11,8,0,9,9,9,9,35,12,15,14,13,0,10,10,10,10,35,8,11,15,12,0,11,11,11,11,35,10,9,13,14,0,12,12,12,12,35,9,8,12,13,0,13,13,13,13,35,16,17,18,19,0,14,14,14,14,35,1,2,18,17,0,15,15,15,15,35,3,0,16,19,0,16,16,16,16,35,0,1,17,16,0,17,17,17,17,35,18,19,21,20,0,18,18,18,18]
        }
    },{
        "uuid":"177A9EDE-9E89-3179-879D-52C39352875C",
        "materials":[{
            "depthTest":true,
            "colorSpecular":[0.5,0.5,0.5],
            "blending":"NormalBlending",
            "DbgName":"Material",
            "colorEmissive":[0,0,0],
            "depthWrite":true,
            "wireframe":false,
            "DbgIndex":0,
            "colorDiffuse":[0.64,0.64,0.64],
            "transparent":false,
            "specularCoef":50,
            "opacity":1,
            "DbgColor":15658734,
            "shading":"phong",
            "visible":true
        }],
        "type":"Geometry",
        "data":{
            "name":"Cube.001Geometry.1",
            "metadata":{
                "materials":1,
                "version":3,
                "normals":19,
                "uvs":0,
                "vertices":22,
                "faces":19,
                "generator":"io_three"
            },
            "normals":[-1,0,-0,-0,0.822045,0.569423,1,-0,0,-0,-1e-06,1,-1,-1e-06,-0,0,2e-06,-1,-0.298554,0.954393,-0,0.569423,0.822045,0,-0.569422,0.822045,-0,0,0.822045,-0.569423,0,1,0,0,0.853633,-0.520874,-0,0.853634,0.520874,0.298554,0.954393,0,0,-1,-0,-0,0,1,0,0,-1,1,-0,-0,-0,1,-0],
            "uvs":[],
            "vertices":[2.80906,2.23801,0.545081,2.80906,0.238011,0.545081,0.809063,0.238011,0.545081,0.809064,2.23801,0.545081,2.80906,2.23801,0.753242,2.80906,0.23801,0.753242,0.809063,0.238011,0.753242,0.809064,2.23801,0.753242,2.58485,2.01379,0.908555,2.58485,0.462226,0.908555,1.03328,0.462227,0.908555,1.03328,2.01379,0.908555,1.91023,1.66794,1.11959,1.91023,0.808078,1.11959,1.70789,0.808078,1.11959,1.70789,1.66794,1.11959,2.80906,2.23801,-0.036594,2.80906,0.238011,-0.036594,0.809063,0.238011,-0.036594,0.809064,2.23801,-0.036594,0.181885,0.238011,-0.036594,0.181885,2.23801,-0.036594],
            "faces":[35,2,3,19,18,0,0,0,0,0,35,6,5,9,10,0,1,1,1,1,35,0,4,5,1,0,2,2,2,2,35,1,5,6,2,0,3,3,3,3,35,2,6,7,3,0,4,4,4,4,35,4,0,3,7,0,5,5,5,5,35,11,10,14,15,0,6,6,6,6,35,5,4,8,9,0,7,7,7,7,35,7,6,10,11,0,8,8,8,8,35,4,7,11,8,0,9,9,9,9,35,12,15,14,13,0,10,10,10,10,35,8,11,15,12,0,11,11,11,11,35,10,9,13,14,0,12,12,12,12,35,9,8,12,13,0,13,13,13,13,35,16,17,18,19,0,14,14,14,14,35,1,2,18,17,0,15,15,15,15,35,3,0,16,19,0,16,16,16,16,35,0,1,17,16,0,17,17,17,17,35,18,19,21,20,0,18,18,18,18]
        }
    },{
        "uuid":"6A27F36F-A53E-3E0B-BA16-711A103AABA6",
        "materials":[{
            "depthTest":true,
            "colorSpecular":[0.5,0.5,0.5],
            "blending":"NormalBlending",
            "DbgName":"Material",
            "colorEmissive":[0,0,0],
            "depthWrite":true,
            "wireframe":false,
            "DbgIndex":0,
            "colorDiffuse":[0.64,0.64,0.64],
            "transparent":false,
            "specularCoef":50,
            "opacity":1,
            "DbgColor":15658734,
            "shading":"phong",
            "visible":true
        }],
        "type":"Geometry",
        "data":{
            "name":"Cube.002Geometry.1",
            "metadata":{
                "materials":1,
                "version":3,
                "normals":19,
                "uvs":0,
                "vertices":22,
                "faces":19,
                "generator":"io_three"
            },
            "normals":[-1,0,-0,-1e-06,0.007007,0.999975,1,-0,0,-0,-1e-06,1,-1,-1e-06,-0,0,2e-06,-1,-0.028967,0.99958,-0,0.999976,0.007007,0,-0.999975,0.007007,-0,0,0.007007,-0.999975,0,1,0,0,0.998406,-0.056436,-0,0.998406,0.056436,0.028967,0.99958,0,0,-1,-0,-0,0,1,0,0,-1,1,-0,-0,-0,1,-0],
            "uvs":[],
            "vertices":[2.80906,2.23801,0.545081,2.80906,0.238011,0.545081,0.809063,0.238011,0.545081,0.809064,2.23801,0.545081,2.80906,2.23801,0.753242,2.80906,0.23801,0.753242,0.809063,0.238011,0.753242,0.809064,2.23801,0.753242,2.7656,2.19455,6.95617,2.7656,0.281473,6.95617,0.852526,0.281474,6.95617,0.852526,2.19455,6.95617,1.93381,1.76812,6.98027,1.93381,0.707906,6.98027,1.68432,0.707906,6.98027,1.68432,1.76812,6.98027,2.80906,2.23801,-0.036594,2.80906,0.238011,-0.036594,0.809063,0.238011,-0.036594,0.809064,2.23801,-0.036594,0.181885,0.238011,-0.036594,0.181885,2.23801,-0.036594],
            "faces":[35,2,3,19,18,0,0,0,0,0,35,6,5,9,10,0,1,1,1,1,35,0,4,5,1,0,2,2,2,2,35,1,5,6,2,0,3,3,3,3,35,2,6,7,3,0,4,4,4,4,35,4,0,3,7,0,5,5,5,5,35,11,10,14,15,0,6,6,6,6,35,5,4,8,9,0,7,7,7,7,35,7,6,10,11,0,8,8,8,8,35,4,7,11,8,0,9,9,9,9,35,12,15,14,13,0,10,10,10,10,35,8,11,15,12,0,11,11,11,11,35,10,9,13,14,0,12,12,12,12,35,9,8,12,13,0,13,13,13,13,35,16,17,18,19,0,14,14,14,14,35,1,2,18,17,0,15,15,15,15,35,3,0,16,19,0,16,16,16,16,35,0,1,17,16,0,17,17,17,17,35,18,19,21,20,0,18,18,18,18]
        }
    }],
    "images":[],
    "metadata":{
        "generator":"io_three",
        "type":"Object",
        "sourceFile":"haus1.blend",
        "version":4.4
    },
    "textures":[],
    "animations":[{
        "name":"default",
        "fps":24,
        "tracks":[]
    }],
    "object":{
        "uuid":"F068DE78-93AD-48C7-B21C-7880922647EA",
        "matrix":[1,0,0,0,0,1,0,0,0,0,1,0,0,0,0,1],
        "type":"Scene",
        "children":[{
            "name":"Einfamilienhaus",
            "uuid":"2BE6619E-BF77-3B9E-A235-3D94341AEF88",
            "matrix":[-0.3,0,0,0,0,0,0.4,0,0,0.5,0,0,-1.30716,0,0,1],
            "visible":true,
            "type":"Mesh",
            "castShadow":true,
            "receiveShadow":true,
            "geometry":"177A9EDE-9E89-3179-879D-52C39352875C"
        },{
            "name":"Hochhaus",
            "uuid":"A3AE1F44-59D9-3A66-86DB-8F3D1BF32B59",
            "matrix":[-0.3,0,0,0,0,0,0.4,0,0,0.5,0,0,1.11623,0,0,1],