{
    "materials":[{
        "depthTest":true,
        "colorSpecular":[0.5,0.5,0.5],
        "blending":"NormalBlending",
        "DbgName":"Material",
        "colorEmissive":[0,0,0],
        "depthWrite":true,
        "wireframe":false,
        "DbgIndex":0,
        "colorDiffuse":[0.64,0.64,0.64],
        "transparent":false,
        "specularCoef":50,
        "opacity":1,
        "DbgColor":15658734,
        "shading":"phong",
        "visible":true
    }],
    "name":"WohnhausGeometry",
    "metadata":{
        "version":3,
        "uvs":0,
        "type":"Geometry",
        "faces":19,
        "materials":1,
        "normals":19,
        "vertices":22,
        "generator":"io_three"
    },
    "normals":[-1,-0,-0,-0,0.598401,0.801197,1,0,0,-0,1,0,-1,-0,0,0,-1,-0,-0.462307,-0,-0.88672,0.705633,0,0.708578,-0.705633,-0,0.708577,0,-0.598401,0.801197,0,0,-1,0,-0.606459,-0.795115,-1e-06,0.606458,-0.795115,0.462307,0,-0.88672,-0,0,1,-0,1,-0,0,-1,-0,1,0,0,0,-0,-1],
    "uvs":[],
    "vertices":[0.842719,0.27254,-0.895204,0.842719,0.27254,-0.095204,0.242719,0.27254,-0.095204,0.242719,0.27254,-0.895204,0.842719,1.27254,-0.895204,0.842719,1.27254,-0.095204,0.242719,1.27254,-0.095204,0.242719,1.27254,-0.895204,0.893767,1.32338,-0.963268,0.893767,1.32338,-0.02714,0.191671,1.32338,-0.02714,0.191671,1.32338,-0.963269,0.5885,1.48253,-0.754601,0.5885,1.48253,-0.235807,0.496939,1.48253,-0.235807,0.496939,1.48253,-0.754601,0.842719,-0.018297,-0.895204,0.842719,-0.018297,-0.095204,0.242719,-0.018297,-0.095204,0.242719,-0.018297,-0.895204,0.054566,-0.018297,-0.095204,0.054566,-0.018297,-0.895204],
    "faces":[35,2,3,19,18,0,0,0,0,0,35,6,5,9,10,0,1,1,1,1,35,0,4,5,1,0,2,2,2,2,35,1,5,6,2,0,3,3,3,3,35,2,6,7,3,0,4,4,4,4,35,4,0,3,7,0,5,5,5,5,35,11,10,14,15,0,6,6,6,6,35,5,4,8,9,0,7,7,7,7,35,7,6,10,11,0,8,8,8,8,35,4,7,11,8,0,9,9,9,9,35,12,15,14,13,0,10,10,10,10,35,8,11,15,12,0,11,11,11,11,35,10,9,13,14,0,12,12,12,12,35,9,8,12,13,0,13,13,13,13,35,16,17,18,19,0,14,14,14,14,35,1,2,18,17,0,15,15,15,15,35,3,0,16,19,0,16,16,16,16,35,0,1,17,16,0,17,17,17,17,35,18,19,21,20,0,18,18,18,18]
}